model,accuracy,confusion_matrix,0_precision,0_recall,0_f1-score,0_support,1_precision,1_recall,1_f1-score,1_support,macro avg_precision,macro avg_recall,macro avg_f1-score,macro avg_support,weighted avg_precision,weighted avg_recall,weighted avg_f1-score,weighted avg_support
GradientBoosting,0.8053,"[[4029, 971], [976, 4024]]",0.804995004995005,0.8058,0.8053973013493253,5000.0,0.8056056056056056,0.8048,0.8052026013006504,5000.0,0.8053003053003053,0.8052999999999999,0.8052999513249879,10000.0,0.8053003053003053,0.8053,0.8052999513249879,10000.0
