{
    "LightGBM": {
        "feature_fraction": 0.9097251285450637,
        "bagging_fraction": 0.9978935197582919,
        "lambda_l1": 0.6998047944320951,
        "lambda_l2": 0.8181509292129618,
        "min_data_in_leaf": 28,
        "min_gain_to_split": 0.006044414781782324,
        "num_leaves": 38,
        "learning_rate": 0.19544997012721832,
        "max_depth": 5
    },
    "RandomForest": {
        "n_estimators": 300,
        "max_depth": 12,
        "min_samples_split": 10,
        "min_samples_leaf": 1
    },
    "LogisticRegression": {
        "C": 0.0235822188728489,
        "solver": "lbfgs"
    },
    "SVC": {
        "C": 0.13991426675592739,
        "kernel": "linear"
    },
    "KNN": {
        "n_neighbors": 18
    },
    "GradientBoosting": {
        "n_estimators": 500,
        "learning_rate": 0.050687504643726754,
        "max_depth": 3,
        "subsample": 0.7033914141256612
    },
    "XGBoost": {
        "n_estimators": 400,
        "learning_rate": 0.034793808124150456,
        "max_depth": 4,
        "subsample": 0.9480377815613963,
        "colsample_bytree": 0.6430222134241663
    },
    "CatBoost": {
        "iterations": 300,
        "learning_rate": 0.06039154591191691,
        "depth": 5
    },
    "DNN_Keras": {
        "n_units1": 148,
        "n_units2": 124,
        "dropout1": 0.1557419885925261,
        "dropout2": 0.34861656583360434,
        "lr": 0.0014142803225676698
    },
    "LSTM_Keras": {
        "lstm_units": 71,
        "dropout_lstm": 0.34189818665018434,
        "dense_units": 43,
        "dropout_dense": 0.4558877256547126,
        "learning_rate": 0.006542997534280788
    }
}